<?xml version="1.0" encoding="utf-8"?>
<PriceAndAvailability>
	<TransactionStatus/>
	<EnvironmentId/>
	<Company/>
	<CustomerBranch/>
	<CustomerNumber/>
	<ShipToSuffix/>
	<OrderBranch/>
	<HeaderStatusCode/>
	<Items>
		<Item>
			<LineNumber/>
			<LegacyProductCode/>
			<RequestedQtyUOM/>
			<RequestedQty/>
			<PurchaseOrderQty/>
			<PricingUOM/>
			<PriceCurrencyCode/>
			<UnitPrice/>
			<UnitPriceperBaseUOM/>
			<ExtendedPrice/>
			<ItemCost/>
			<CostCurrencyCode/>
			<Brackets>
				<Bracket>
					<BracketQTY/>
					<BracketUOM/>
					<BracketPrice/>
				</Bracket>
			</Brackets>
			<WarehouseLocationList>
				<WarehouseLocation>
					<Warehouse/>
					<AvailableQty/>
					<NumberOfDays/>
				</WarehouseLocation>
			</WarehouseLocationList>
			<LineStatusCode/>
		</Item>
	</Items>
</PriceAndAvailability>
