<?xml version="1.0" encoding="utf-8"?>
<PriceAndAvailability>
	<TransactionStatus/>
	<EnvironmentId/>
	<Company/>
	<CustomerBranch/>
	<CustomerNumber/>
	<ShipToSuffix/>
	<OrderBranch/>
	<HeaderStatusCode/>
	<Items>
		<Item>
			<LineNumber>1</LineNumber>
			<LegacyProductCode>abc</LegacyProductCode>
			<RequestedQtyUOM>Kilo</RequestedQtyUOM>
			<RequestedQty>1</RequestedQty>
			<PurchaseOrderQty>1</PurchaseOrderQty>
			<PricingUOM/>
			<PriceCurrencyCode>USD</PriceCurrencyCode>
			<UnitPrice>5</UnitPrice>
			<UnitPriceperBaseUOM/>
			<ExtendedPrice/>
			<ItemCost/>
			<CostCurrencyCode/>
			<Brackets>
				<Bracket>
					<BracketQTY/>
					<BracketUOM/>
					<BracketPrice/>
				</Bracket>
			</Brackets>
			<WarehouseLocationList>
				<WarehouseLocation>
					<Warehouse/>
					<AvailableQty/>
					<NumberOfDays/>
				</WarehouseLocation>
			</WarehouseLocationList>
			<LineStatusCode/>
		</Item>
	</Items>
</PriceAndAvailability>
